sign	decan_number	degree_range	title	ruler	sub_sign	spark	deep_insight	poetic	influential_waves_e	influential_waves_a	structural_tone	field_function	wave_summary
Aries	1	0–9°	The Flame Seed	Mars	Aries/Aries	The first spark of life — action before thought.	This first decan of Aries marks the ignition point of the zodiac: raw motion before motive, restless and urgent. Energy here is pure beginning — unformed, unstoppable.	“The Will-to-Incarnate made visible… ignition, nothing else.”	All 10	3,7,2,9,6,8	Initiatory vector — activates archetype through kinetic ignition.	Spark chamber launching the full harmonic cycle; volatile until tempered.	Wave-dense crucible; all ten fields present — degree picks the first note.
Aries	2	10–19°	The Ember Architect	Sun	Aries/Leo	The flame becomes focused — will sharpens into direction.	Action channels into identity. Presence is forged through courage, play, and recognition; motion learns to speak as self.	“The sword of becoming — bright, fierce, unyielding.”	3,7,2,9,6,8	3,7,2,9	Refinement vector — sculpts identity through pressure/art.	Turns impulse into recognizable character; charisma learns rhythm.	Broad resonance with 3/7/2; 9 gives karmic gravity; 6/8 appear as scaffolds.
Aries	3	20–29°	The Crowned Flame	Jupiter	Aries/Sagittarius	The fire spreads outward — passion seeks connection and quest.	The flame extends beyond the self toward vision and meaning; courage becomes pilgrimage and teaching.	“The flame becomes a path, and the path becomes a calling.”	4,8,9	4,8	Expansion vector — quest and purpose.	Directs action toward horizon; crystallizes drive into mission.	Mystic 4 curves, Crystal 8 fixes; 9 adds consequence/legacy.
Taurus	1	0–9°	The Seed of Substance	Venus	Taurus/Taurus	The first roots take hold — life seeks stability and substance.	Pure Venusian essence: spark slows into form, grounding into body, earth, and sensation.	“The seed presses into Earth — spark becomes substance.”	All 10	All 10	Inception of embodiment — consolidation and rooting.	Cradle of incarnation in matter and sense.	Wave bed for steadying; all ten present but softened.
Taurus	2	10–19°	The Garden Builder	Mercury	Taurus/Virgo	What is rooted now seeks cultivation — form shaped by care.	Matter is crafted with patience and devotion. Structure becomes beauty through skill and attention.	“Stone becomes vessel, soil becomes harvest, love becomes form.”	3,8,2,7,9	3,8,2	Refinement vector — craft, design, stewardship.	Shapes resource into reliable containers of value.	3 invents, 8 structures, 2 attunes; 7/9 add heart and time.
Taurus	3	20–29°	The Fruit of Stillness	Saturn	Taurus/Capricorn	What was seeded and tended now ripens — abundance calls to be shared or guarded.	Possession is tested: stability can nourish or confine. Integrity asks how we hold and share what we have.	“The orchard bends heavy with fruit — a gift, a burden, a choice.”	8,9,2	8,2	Consolidation vector — responsibility of holding and sharing.	Stabilizes assets/skills; defines boundaries and duty.	8 fixes, 2 mirrors stewardship; 9 carries karmic weight.
Gemini	1	0–9°	The Spark of Mind	Mercury	Gemini/Gemini	The first breath of thought — curiosity alive before content.	Perception awakens by contrast and play. The mind discovers itself in motion and mirrors.	“The soul discovers itself in motion — thought dancing with its own shadow.”	2,3,4,10	2,3,4	Initiatory air — perception in motion; names and plays.	Opens contrast, language, and exchange.	2 mirrors, 3 moves, 4 intuits; 10 flashes new starts.
Gemini	2	10–19°	The Weaver of Thought	Venus	Gemini/Libra	Curiosity becomes pattern — ideas begin to weave into meaning.	Thought organizes into narrative and dialogue; translation builds bridges.	“The word becomes thread — stitching thought into story, self into other.”	2,3,6,7,9	2,3,6	Relational air — harmony of ideas; dialogue to coherence.	Turns talk to meaning; makes maps between minds.	2/3/6 core; 7 adds empathy; 9 adds memory.
Gemini	3	20–29°	The Trickster’s Crown	Saturn	Gemini/Aquarius	The mind turns inward — paradox and play reveal hidden truths.	Wisdom arrives through inversion and recursion; humor breaks illusion.	“Truth wears many masks — wisdom found in the laughter of the trickster.”	3,4,6,10	3,4,6	Meta-air — riddle, recursion, revelation.	Tests assumptions; shows pattern by breaking it.	3 motion, 4 insight, 6 connection; 10 resets.
Cancer	1	0–9°	The Womb of Remembrance	Moon	Cancer/Cancer	The first tide of feeling — memory before identity.	Belonging precedes self; feeling precedes thought. Home as origin of meaning.	“Before words, there was feeling; before self, there was belonging.”	2,7,9	2,7	Origin water — bonding and imprinting.	Holds, reflects, and roots emotion.	2 mirror-bonds, 7 nurtures; 9 ancestral echo.
Cancer	2	10–19°	The Architect of Belonging	Mars	Cancer/Scorpio	Emotion seeks structure — safety shaped through care and devotion.	Feeling becomes container: bonds, vows, and guardianship.	“To protect is to remember; to care is to anchor the soul in form.”	2,6,9	2,6	Protective water — boundaries of care.	Builds trust vessels; sustains lineage.	2 intimacy, 6 structure; 9 obligation/history.
Cancer	3	20–29°	The Tidebearer	Jupiter	Cancer/Pisces	The river of memory flows outward — feeling becomes legacy.	Emotion releases into the collective; remembrance becomes teaching.	“The tide carries memory beyond the self — love released becomes legacy.”	4,8,9,10	4,8,9	Transpersonal water — remembrance as offering.	Encodes and transmits ancestral feeling.	4 vision, 8 form, 9 harvest; 10 renewal through release.
Leo	1	0–9°	The Solar Flame	Sun	Leo/Leo	The first fire of selfhood — the soul knows it shines.	Sovereign flame awakens: presence, play, and courage to be seen.	“The soul awakens as flame — radiant, proud, undeniable.”	3,5,7,10	3,5,7	Initiatory fire — radiance and presence.	Ignites identity through play and heart.	3 creates, 5 thresholds, 7 warmth; 10 fresh persona cycles.
Leo	2	10–19°	The Sculptor of Self	Jupiter	Leo/Sagittarius	Radiance shaped — the self refines through rhythm and reflection.	Fire is tempered into artistry and devotion; charisma becomes offering.	“The flame is tempered — identity becomes art, power becomes grace.”	3,6,8	3,6	Refinement fire — skill and noble craft.	Sculpts presence into performance and service.	3 invents, 6 relates, 8 codifies legacy.
Leo	3	20–29°	The Crowned Radiant	Mars	Leo/Aries	The light matures — radiance offered as legacy.	Selfhood crowns as blessing; presence becomes inheritance.	“The flame crowns itself — light becomes legacy, radiance becomes blessing.”	8,10,9	8,9	Culmination fire — imprint and inheritance.	Encodes charisma into symbol and story.	8 form, 9 memory; 10 archetypal renewal.
Virgo	1	0–9°	The Sacred Craft	Mercury	Virgo/Virgo	The soul bends toward precision — devotion through detail.	Craft becomes prayer through attention; the ordinary is consecrated.	“In the detail, the divine appears — every act, a consecration.”	3,6,8,2	3,6,8	Initiatory earth — praxis and refinement.	Sanctifies life through care and iteration.	3 invention, 6 linkage, 8 form; 2 service-mirroring.
Virgo	2	10–19°	The Healer’s Hand	Saturn	Virgo/Capricorn	Craft becomes care — structure becomes medicine.	Skill moves into service; healing through presence, humility, and design.	“Hands become vessels of care — healing through presence, precision, and love.”	6,7,8	6,8	Therapeutic earth — protocol and restoration.	Applies structure to relieve suffering.	6 duty, 8 method; 7 compassion tone.
Virgo	3	20–29°	The Codex Keeper	Venus	Virgo/Taurus	Wisdom recorded — the pattern preserved in sacred form.	Learning is encoded into systems and symbols; transmission becomes legacy.	“Every pattern becomes scripture — devotion crystallized into legacy.”	8,9,10	8,9	Archivist earth — encoding and transmission.	Captures mastery into tools and teachings.	8 codex, 9 memory; 10 renewal via teaching.
Libra	1	0–9°	The Mirror Breath	Venus	Libra/Libra	The first breath of balance — self seen in the other.	Relational awareness begins; beauty as the shape of right relation.	“I see myself in you — harmony is the breath between us.”	2,6,7	2,6	Initiatory air (relational) — attraction to architecture.	Begins the work of balance via shared perspective.	2 reflection, 6 bridge; 7 love-tone.
Libra	2	10–19°	The Sacred Scale	Uranus	Libra/Aquarius	The mirror sharpens — balance becomes principle.	Harmony is tested by discernment and fairness; justice as graceful measure.	“Balance is not silence — it is truth revealed through measure.”	6,2,4	6,2	Principled air — calibration and clarity.	Weighs values; aligns beauty with truth.	6 structure, 2 empathy; 4 intuitive discrimination.
Libra	3	20–29°	The Diplomat’s Crown	Mercury	Libra/Gemini	The mirror ripens — harmony offered as gift.	Relational mastery matures into diplomacy and artistry; difference woven into peace.	“Grace walks between truths — beauty becomes the most refined peace.”	6,7,8	6,8	Culmination air — elegant agreements and design.	Turns accord into culture and enduring forms.	6 bridges, 8 codifies; 7 benevolence.
Scorpio	1	0–9°	The Depth Gate	Mars	Scorpio/Scorpio	The first descent — feeling becomes gravity, pulling inward.	The soul dives into magnetism, shadow, and secrecy; courage becomes intimacy.	“To descend is to remember power — the wound becomes the gate.”	4,8,9,2	4,8,9	Initiatory water (depth) — magnetism and mystery.	Pulls power from shadow; binds fiercely.	4 oracular, 8 codified passion, 9 karmic thread; 2 intimacy.
Scorpio	2	10–19°	The Sacred Forge	Sun	Scorpio/Pisces	Intensity finds form — devotion hammered from fire and water.	Raw passion is shaped into vow and loyalty; truth is tempered.	“The crucible shapes fire into vow — intimacy becomes strength.”	3,4,8,9	3,4,8	Refinement water — discipline of passion.	Shapes desire into ritual, craft, and commitment.	3 movement, 4 revelation, 8 fixation; 9 continuity.
Scorpio	3	20–29°	The Phoenix Gate	Venus	Scorpio/Cancer	The descent completes — the soul rises in transfigured light.	Resurrection through release; compassion and prophecy walk together.	“Through death, the soul remembers itself — ashes become wings.”	4,7,9,10	4,7,9	Culmination water — release and blessing.	Turns endings into medicine and legacy.	4 oracle, 7 heart, 9 closure; 10 renewal hidden in endings.
Sagittarius	1	0–9°	The Flame Beyond	Jupiter	Sagittarius/Sagittarius	The fire turns outward — seeking horizon, seeking truth.	The seeker’s flame quests beyond the known; freedom becomes meaning.	“The horizon calls — fire becomes freedom, meaning becomes compass.”	3,6,9,10	3,6,9	Initiatory fire (quest) — exploration and synthesis.	Gathers story into vision; widens the map.	3 creativity, 6 coherence, 9 wisdom; 10 fresh vision cycles.
Sagittarius	2	10–19°	The Arrow of Meaning	Mars	Sagittarius/Aries	The seeker declares — vision sharpens into teaching and truth.	Experience becomes belief; conviction speaks in clear lines.	“The flame becomes word — truth carried as arrow.”	3,6,8	3,6	Refinement fire (doctrine) — articulation and reach.	Translates quest into message and method.	3 narrative, 6 bridge; 8 structure.
Sagittarius	3	20–29°	The Flamebearer	Sun	Sagittarius/Leo	The quest matures — wisdom embodied as radiant offering.	The pilgrim becomes sage; presence teaches by living.	“The flame no longer seeks — it shines as the wisdom it has become.”	8,9,10	8,9	Culmination fire (legacy) — presence as teaching.	Embodies meaning; leaves story and blessing.	8 enduring form, 9 harvest; 10 renewal via transmission.
Capricorn	1	0–9°	The Stone Threshold	Saturn	Capricorn/Capricorn	The first stones are laid — endurance begins the climb.	Ambition meets discipline; vision takes weight and work.	“The path begins in stone — steady, silent, enduring.”	6,8,10	6,8	Initiatory earth (structure) — foundation and duty.	Commits to long arcs; builds containers that endure.	6 coherence, 8 form; 10 cycles of structure.
Capricorn	2	10–19°	The Builder of Worlds	Venus	Capricorn/Taurus	Structure becomes craft — endurance shapes beauty and order.	The builder is artist; stewardship designs meaning into matter.	“Stone becomes temple — devotion etched into endurance.”	2,6,8	6,8	Refinement earth — stewardship and design.	Optimizes systems; marries function and beauty.	6/8 core; 2 relational responsibility tone.
Capricorn	3	20–29°	The Mountain Crown	Mercury	Capricorn/Virgo	The summit is reached — legacy crystallizes in enduring form.	Mastery encoded into systems; the mountain becomes symbol.	“At the summit, stone becomes symbol — endurance becomes truth.”	8,9,10	8,9	Culmination earth — canon and codex.	Preserves wisdom in blueprints and teachings.	8 codifies, 9 consolidates; 10 archetypal renewal.
Aquarius	1	0–9°	The Storm Bringer	Saturn	Aquarius/Aquarius	The air cracks open — a storm of change electrifies the field.	Disruption births renewal; the storm clears the sky for what is next.	“The storm comes not to destroy — but to open the sky for what is new.”	6,8,10	6,8,10	Initiatory air (reform) — disruption into pattern.	Breaks stagnation; forges frameworks for change.	6 networks, 8 structure, 10 new cycles.
Aquarius	2	10–19°	The Vision Weaver	Mercury	Aquarius/Gemini	Ideas intertwine — the mind builds bridges to the future.	Thought becomes connective architecture; imagination turns blueprint.	“Ideas are threads — the mind weaves tomorrow from their pattern.”	3,6,8	3,6	Refinement air — synthesis and systems design.	Translates possibility into pathways.	3 invention, 6 coherence; 8 sacred design.
Aquarius	3	20–29°	The Crown of Currents	Moon	Aquarius/Libra	The air flows outward — currents of empathy join the collective field.	Innovation turns relational; justice and care spread through community.	“The current flows through all — love carried on the winds of change.”	2,7,9	2,7	Culmination air — community and care.	Humanizes reform; distributes belonging.	2 mirror, 7 compassion; 9 collective memory.
Pisces	1	0–9°	The Womb of the Infinite	Jupiter	Pisces/Pisces	The ocean opens — feeling flows beyond the self.	Boundaries dissolve into mysticism and empathy; imagination remembers origin.	“The soul remembers it was never separate — all waters flow into one sea.”	2,6,7,10	2,6,7	Initiatory water (mystic) — porousness and union.	Merges boundaries; prays through art and love.	2/6/7 core; 10 as subtle renewal.
Pisces	2	10–19°	The Dream Weaver	Mars	Pisces/Scorpio	The waters swirl inward — dream becomes symbol, depth becomes story.	The unseen takes form in image and myth; art as vessel of soul.	“Dreams speak in symbols — the soul whispers through story.”	3,8,9	3,8	Refinement water — image, myth, and translation.	Gives the invisible shape; composes ritual and art.	3 threads, 8 fixes; 9 memory.
Pisces	3	20–29°	The Eternal Tide	Moon	Pisces/Cancer	The tide recedes — the self dissolves into legacy and myth.	Dissolution becomes offering; wisdom poured back into the sea.	“The tide withdraws — form dissolves, but essence becomes eternal.”	4,8,9,10	4,8,9	Culmination water (return) — offering and release.	Lets the self become gift; closes cycles with grace.	4 mystic, 8 codex, 9 completion; 10 hidden renewal.
