id,title,summary,anchors,keywords,harmonic_function,core_essence,geometric_analogy,numerological_core,anchors_desc,archetypal_role,lived_rel,lived_evolution,lived_service,inner_alchemy,psychological_tone,wisdom_questions,extra1_title,extra1_text
1,"The Root Trinity","Foundational presence that sets the base tone. Wave One holds the primal chord that other harmonics organize around. Initiation, identity, and first structure.","0|10|20","root,foundational,initiation,identity,structure","Foundational Tone","Emergence, Anchoring, Original Structuring","Equilateral Triangle (3-point base: 0°, 10°, 20°)","1 and 10 — initiation, identity, primal purpose","","Wave One souls establish reality. They arrive encoded with root energy—not yet shaped by complexity, but pure in tone and direction. These degrees function like cosmic root chords, the base frequency upon which all other harmonic developments must balance.
They are not here to question or refine first—they are here to be. They carry a truth that does not explain itself but reveals itself through their presence and action.","- Often the anchor in a system, holding stability or initiating the dynamic.
- May take the role of eldest sibling, team founder, or pillar personality.
- Their challenge is recognizing that their gift is tone-setting—not micromanagement.","- Life often starts early: initiations, responsibilities, or identity-forming challenges happen before readiness.
- They live with a deep urge to “start things”—new businesses, ideas, families, movements—but must learn not all seeds are theirs to plant.
- Lessons in sovereignty and timing: knowing when their root tone is enough, and when to yield.","- Builders, founders, architects of systems (literal and energetic).
- Ideal in roles that require structural clarity, like teachers, engineers, strategists, or sacred space holders.
- Not always visionary in the ethereal sense, but visionary in form—they shape the container that vision needs.","- Truth before articulation
- Power without domination
- Stability as a sacred act
- Anchoring, not controlling
- Clarity as a generative field","- Primal presence—when healthy, these souls radiate a deep okay-ness that others calibrate around.
- When distorted, may become rigid or overly responsible, carrying weight they were not asked to hold.
- Need time in stillness to reset their foundational tone—especially after prolonged contact with chaos or confusion.","- What is trying to emerge through me, not through effort—but through being?
- Am I rooted in my essence, or trying to perform stability for others?
- Where am I over-holding instead of trusting that the structure I’ve set is enough?
- Can I offer my tone without insisting on the melody?",,
2,"The Soul Mirror","Mirrors of soul intelligence—reveals what is already encoded rather than inventing from scratch. Holds the Venusian quintessence of beauty, creativity, and pattern-recognition; refines and animates meaning.","5|15|25","mirror,beauty,creativity,pattern-recognition,resonance","Quintile Resonance (5° Harmonics)","Soul Genius, Inner Reflection, Creative Unfolding","The Pentagram — golden ratio spiraling from unity into unique form","5, 15, 25 — expression, magnetism, personal sacredness","","Wave Two souls are mirrors of soul intelligence—they don’t create from scratch, they reveal what is already encoded. This wave holds the Venusian quintessence of beauty, creativity, and pattern-recognition. Their gift lies in the ability to reflect back to others the unspoken, the mythic, the archetypal—often through art, conversation, movement, or presence.
They are not foundational (like Wave One), but refiners and animators of meaning—adding soul color to structure.","- Act as mirrors or amplifiers for others’ genius or pain.
- Are often seen as “magnetic” or “mysterious” without knowing why—because they are resonance carriers, not definable by surface.
- Can be prone to mirroring others too deeply and forgetting their own center—sacred boundaries are essential.","- Carry intense periods of creative longing or self-questioning: “Who am I really?”
- Not meant to walk a straight path; their lives form a spiral, returning to similar themes at higher expressions each time.
- Often live in a dialogue with the unseen: dreams, music, color, symbols, myth. This isn't escapism—it’s their native tongue.","- Artists, therapists, sacred space designers, intuitive facilitators, poetic thinkers.
- Excel in work that requires seeing beauty in complexity, and in offering symbolic containers for transformation.
- Often do well in non-linear or less structured careers where resonance is the result, not productivity.","- Genius as remembrance
- Beauty as truth’s twin
- Self as fractal—never a straight line
- Love as perception, not possession
- Sacred symmetry over logical symmetry","- Deep inner vividness—often feel more connected to inner mythos than external identity.
- May oscillate between brilliance and invisibility, struggling to feel understood in linear systems.
- Carry the capacity to re-enchant the world, but must learn to ground their vision through form and trust.","- Am I mirroring others out of love or out of loss of self?
- Where is my creative edge asking to be revealed, not invented?
- What beauty am I withholding because I fear it won’t be understood?
- What would it mean to trust my spiral, even if others walk in lines?","Closing note","Wave Two souls don’t necessarily “fit”—they resonate. Their power lies in what they reflect into the field, not what they control. Their essence is often remembered more than their words."
3,"The Spiral Initiate","Initiates of the sacred spiral—evolving through inner thresholds rather than external milestones. Carries transformational tension; surface fractures to reveal the seed; wisdom-forged through alchemical necessity.","3|13|23","spiral,threshold,initiation,rebirth,transformation,testing,underworld,wisdom","Threshold Spiral (Minor Third Intervals)","Crisis as Catalyst, Death and Rebirth, Sacred Testing","The spiral path — always folding inward before ascending outward","3, 13, 23 — initiation, paradox, internal evolution","","Wave Three souls are initiates of the sacred spiral—those who evolve through inner thresholds, rather than external milestones. This is not the wave of comfort, but of alchemical necessity. These degrees carry transformational tension—and often the experiences associated with them strip, break open, and forge the soul’s deeper truth.
Wave Three is where the surface fractures to reveal the seed. These beings are wisdom-forged, often misunderstood in the moment but vital in hindsight.","- Rarely content with superficial connection; yearn for soul resonance, even if it costs comfort.
- May be unconsciously called into others’ transformation fields, acting as a catalyst or shadow-mirror.
- Need solitude between relationships to digest what has been burned off.","- Tend to undergo multiple identity deaths throughout life.
- May feel “tested by life” more than others—yet the tests are encoded contracts for refinement.
- Often develop deep intuitive or mystical perception, but only after walking through personal darkness.","- Healers, mentors, shadow-workers, depth psychotherapists, or spiritual guides forged through lived experience.
- Not necessarily trained through institutions—rather through the university of the underworld.
- Carry medicine not because they were taught, but because they transmuted pain into presence.","- Wounding as awakening
- The spiral is not failure
- Trusting the initiation even in collapse
- Carrying torches through darkened thresholds
- Being changed in order to become the changer","- Deeply perceptive, often psychically attuned—may fear their own insight until it’s embodied.
- Carry ancient emotional weight; a sense their story “began before this life.”
- Vulnerable to despair, withdrawal, or comparison if they forget the spiral path cannot be measured linearly.","- What pain am I still avoiding that holds a seed of my becoming?
- Can I let a chapter end without making it wrong?
- Who am I beyond identity, role, and expectation?
- What threshold am I now approaching—and what part of me must be left at its edge?","Closing note","Wave Three souls don’t live “normal” lives—not because they’re dramatic, but because their inner world is the true temple of transformation. To be a Spiral Initiate is to trust that the descent is never the end—it is the gathering of gravity before ascension."
4,"The Mystic Arc","Weavers of soul contracts—moving along lines of fate, intuitively guided by forces they can’t quite name. This is mysticism, not logic: karmic inheritance, ancestral patterns, and synchronistic alignments lead the soul toward appointed unfoldment; the key is alignment, not control.","7|17|27","mystic,fate,karmic,contracts,ancestral,synchrony,alignment,unseen","Septile Harmonic (51.43°)","Fate, Karmic Currents, Soul Contracts","7-pointed star (heptagram) — the mystic path beyond reason","7, 17, 27 — spiritual test, initiation through unseen forces","","Wave Four souls are weavers of soul contracts—those who move along lines of fate, often intuitively guided by forces they can’t quite name. This wave hums with karmic inheritance, ancestral patterns, and synchronistic alignments that lead the soul toward its appointed unfoldment.
They do not always “choose” in the traditional sense—their lives feel guided, scripted, or strangely destined. The key isn’t control, but alignment.","- Often experience karmic or soul-contract connections—deep ties that feel “fated” or emotionally ancient.
- May carry ancestral echoes in how they love, give, or grieve.
- Attract teachers or mirrors that catalyze inner remembering—not always gently.","- Often awaken through synchronicity, dreams, or loss.
- The path is rarely direct; they must learn to trust the unseen.
- Lives often pivot on moments that cannot be explained—mystical ruptures or unlikely alignments.","- Healers, ritualists, intuitives, or storytellers drawing from myth, memory, and archetype.
- Serve by being at the right place at the right moment—a living node of transmission.
- Work often repairs threads of soul memory, personally and collectively.","- Destiny as devotion
- Not everything can be seen—but it can be felt
- Spirit moves in spirals, not lines
- Honoring the invisible contract
- Repatterning inherited timelines","- Highly sensitive to atmosphere, music, symbolism, and unseen forces.
- May feel haunted by memories they don’t consciously hold—until a pattern reveals itself.
- Vulnerable to feeling out of time—watching themselves live, or remembering a life they haven’t lived yet.","- What repeating pattern in my life is asking to be seen as sacred, not random?
- Where have I felt “called” or “guided” even when it made no sense?
- What does surrender feel like in my body—not just an idea, but an act of trust?
- Am I honoring the mystic in me, or forcing life into a system it doesn’t fit?","Closing note","Wave Four souls are mapmakers of the unseen. Their function is not to be “clear” but to be faithful to the spiral of soul, walking with reverence even when the path disappears underfoot."
5,"The Edge Dancers","Edge Dancers live at the edge of forms, timelines, identities, and systems. They do not dwell in beginnings or endings but rather inhabit the liminal seam—where one chapter has not yet closed and the next has not yet begun.","9|19|29","transition,completion,transformation,threshold,release,closure","Threshold Navigators","Transition, Completion, Transformation","The point where a spiral loop either folds inward or breaks into a new octave","9 and 29 — culmination, return, finality, or transcendence","","Edge Dancers live at the edge of forms, timelines, identities, and systems. They do not dwell in beginnings or endings but rather inhabit the liminal seam—where one chapter has not yet closed and the next has not yet begun.\nIn the Codex structure, Wave Five is not an endpoint—it is a threshold harmonic, signaling pressure toward resolution, surrender, or mutation. These degrees often catalyze emotional honesty, karmic reckoning, and structural change.","• The last confrontation before release, or the vow before true union.\n• You might find yourself in roles where others seek closure, clarity, or transformation.\n• Boundaries, not as defenses, but as spiritual gates.","• You may struggle with staying in places you've outgrown—but also grieve what must end.\n• Patterns of deep renewal: jobs, friendships, belief systems—if it stagnates, Wave Five burns it down.\n• The ego is often stripped at these degrees, and what’s left is pure signal.","• Midwives, therapists, hospice workers, death doulas, or project closers often carry Wave Five points.\n• You're likely drawn to completion: organizing, distilling, or wrapping things with care.\n• You're not here to sustain structures—you pass the torch or close the temple.","• Mastery through release\n• Initiation through endings\n• Transformation without drama\n• Karmic completion through grace\n• The gift of helping others transition","• Often carries melancholic beauty: the grace of knowing that everything is temporary, and thus sacred.\n• There can be a quiet loneliness if not understood. Edge Dancers sometimes feel left behind or sent ahead, never quite arriving with the others.\n• The medicine lies in embracing the role of the threshold keeper—one who blesses departures and opens the gate of the next song.","• What are you being asked to release—not because it failed, but because it is complete?\n• What spiritual weight have you carried that no longer needs carrying?\n• Can you let go with love, rather than leave with resentment?\n• Where are you still avoiding the edge, even though your soul is built for it?","",""
6,"The Bridge Builders","Invisible architects of coherence who quietly transmit balance between realms, emotions, disciplines, or timelines.","2|12|22","bridge,coherence,alignment,integration,healing","Decile Harmonic (36°)","Subtle Integration, Inner Engineering, Quiet Alignment","Two nested pentagons—inner bridge within sacred proportion","2, 12, 22 — transmission, restoration, the silent architect","","Wave Six souls are invisible architects of coherence. They often hold the field quietly—transmitting balance between realms, emotions, disciplines, or timelines. This wave is not loud, but essential. These beings walk between worlds, often unnoticed, yet they are the sacred infrastructure of healing and harmonic convergence.\nThey don’t build bridges out of wood—they build them from frequency, attention, and listening.","• Frequently hold both sides of the polarity, especially when others can’t.\n• May be seen as “the calm one,” “the one who understands”—though this role can be lonely.\n• Natural mediators, yet their gift lies more in holding space than fixing.","• Often experience profound shifts that feel quiet—but reorient their entire lives.\n• Learn through subtle initiations: one word, one silence, one breath.\n• Their challenge is often being overlooked, and their gift is the power they hold in that very invisibility.","• Spiritual guides, integrative healers, system harmonizers, or dreamweavers.\n• Often involved in cross-disciplinary, cross-cultural, or interdimensional synthesis.\n• Serve by bridging the unbridgeable—translating energy into meaning, the invisible into form.","• Sacred is subtle\n• Real alignment is invisible to the eye\n• Hold the bridge without collapsing into either side\n• The healer does not interrupt the wound’s rhythm—they hold it in coherence","• Emotionally intelligent but often empathically overloaded—sensing everything yet rarely speaking it.\n• Can appear neutral, even aloof, but are profoundly attuned beneath the surface.\n• Vulnerable to self-erasure—their sacred silence mistaken for lack of presence.","• Where am I asked to be the bridge—and where must I stop overextending it?\n• Can I honor my integrative gifts even if they are quiet, unseen, or under-acknowledged?\n• What connections am I here to mend, between people, timelines, or aspects of self?\n• How do I listen beyond words?","Closing note","Wave Six souls move in stillness, build in breath, and repair what cannot be named. They are often found in the background of transformation, not in the spotlight—but they are the frequency holders that allow others to cross from old to new without collapsing the structure mid-journey."
7,"The Heart Weavers","Alchemists of emotional tension who refine the heart’s intelligence into sovereign love in action.","4|14|24","love,empathy,boundary,devotion,resilience","Soft Square / 51°–55° arcs","Love Under Pressure, Emotional Evolution, Embodied Integrity","A softened square — tension curved into grace","4, 14, 24 — sacred effort, the balance of giving and holding","","Wave Seven souls are alchemists of emotional tension. They are born to walk the edge between empathy and boundary, service and self-respect, passion and patience. This wave refines the heart’s intelligence—not as sentiment, but as sovereign love in action.\nThey carry the imprint of what love becomes when tested—not just “I love you,” but “I choose to love with integrity.”","• Often live through initiatory love—relationships that stretch them into emotional maturity.\n• May be the “strong one” in emotional dynamics—learning to balance support and self-care.\n• Carry the gift of holding space for others’ growth without sacrificing their own.","• Learn through emotional crucible moments—choices where the heart must lead.\n• Experience a slow build of emotional resilience, often tested by early instability.\n• Love becomes a teacher—and often, a spiritual path.","• Counselors, artists, bodyworkers, mediators—roles that hold human tension with grace.\n• Create spaces (emotional, artistic, or physical) where others feel seen but not collapsed into.\n• Often called to model healthy vulnerability—strength through softness.","• Love is a muscle—not just a feeling\n• You can set a boundary with kindness, and say yes without erasing yourself\n• Tension is a teacher when held in truth\n• Devotion requires discernment","• Empathic, loyal, and often tender beneath a composed exterior.\n• Feel safest when there’s mutual respect, not just emotional closeness.\n• Vulnerable to self-doubt in love—wondering if they’re “too much” or “not enough.”\n• Learn that being fully present does not mean fixing or absorbing.","• Where is love asking me to grow up, not give in?\n• How do I maintain compassion without enabling dysfunction?\n• Can I allow myself to receive love as deeply as I give it?\n• Where has my loyalty become a hiding place—and where can it be a throne?","Closing note","Wave Seven souls are weavers of relational evolution. They walk with open hearts and discerning minds. Their challenge is not whether they love—but how they love: with strength, softness, and the dignity of self-remembrance in every connection."
8,"The Crystal Initiates","Keepers of encoded light who sense how things should fit and tune reality’s scaffolding toward harmony.","6|16|26","structure,pattern,precision,integrity,order","Hexagonal Symmetry (60°/120° resonance)","Sacred Structure, Resonant Precision, Pattern Integrity","The hexagon, snowflake, honeycomb — crystalline perfection through natural order","6, 16, 26 — encoded design, energetic transmission, master pattern keepers","","Wave Eight souls are keepers of encoded light—architects of inner and outer coherence. They are born with an intuitive sense of how things should fit: thoughts, emotions, timelines, grids. These are the pattern-holders of the collective—the ones who bring order without rigidity, form without dogma.\nTo live in Wave Eight is to feel life as geometry in motion—to sense the invisible scaffolding beneath reality and tune it toward harmony.","• Seek resonance and symmetry in relationships—may feel deeply disturbed by chaos or incoherence.\n• Often act as the unspoken stabilizer in groups or families.\n• Long for sacred partnership or soul contracts that “click” at every level—spiritual, intellectual, energetic.","• Navigate identity through self-correction and alignment, often refining their behavior and thoughts to match inner truth.\n• Are sensitive to distortion—in energy, words, systems, or even architecture.\n• Life path often unfolds through sacred order rather than speed—progress through calibration.","• Architects, system builders, energy workers, musicians, sacred space designers.\n• Create structures of healing—temples of frequency, whether literal or metaphysical.\n• Often drawn to codes, geometry, music, or sacred language.","• Everything is pattern—your breath, your pain, your hope\n• Your role is not to control chaos, but to hold a harmonic shape within it\n• The grid is not static—it responds to your coherence\n• Integrity means more than honesty—it means energetic fit","• Calm, ordered, often perceived as “old souls” or natural organizers.\n• Can become rigid or self-critical if overwhelmed—needing control to feel safe.\n• Vulnerable to spiritual bypass if form becomes fetish—must remember structure is sacred when it breathes.\n• Grounded in ritual, precision, or craft—often find healing in repetition or sacred routine.","• What sacred shape am I here to hold in this world?\n• Where has perfection become a prison—and where is it still holy?\n• How can I build structures (emotional, relational, spiritual) that breathe life?\n• Am I living from inherited patterns—or building new ones?","Closing note","Wave Eight souls are the initiates of embodied geometry. They don’t just believe in harmony—they become its vessel. They are called not to dominate chaos, but to translate light into form, holding the line where resonance becomes reality."
9,"The Harvesters","Memory keepers who integrate experience into wisdom and legacy; complete karmic arcs and offer the fruits of inner work.","8|18|28","memory,closure,legacy,integration,ancestral,karmic,cycles,wisdom","Octave Memory (9°, 18°, 28°)","Karmic Recall, Ancestral Echo, Soul Integration","Spiral cycles returning to seed points — timefold memory loops","9 — closure, wisdom, legacy","","Wave Nine souls are the memory keepers. They walk through this life with the resonance of many lives, carrying energetic imprints from prior spirals—personal, familial, or collective. This wave does not seek novelty first; it seeks integration. These are souls here to complete a karmic arc, offer the fruits of inner work, or reconcile a thread long frayed.\nWave Nine is the closing stanza of a soul’s poem—where experience ripens into wisdom, and offerings are made to the field.","• Often drawn to soulmates, past-life bonds, or generational healing contracts.\n• Feel old, known, or weighted by relational themes that seem larger than life.\n• May need to consciously differentiate legacy from personal desire—to heal inherited emotion.","• Tend to “loop” through certain themes—until the pattern is harvested and the cycle is closed.\n• Old soul tone: deep eyes, weighted silences, intuitive wisdom.\n• Life often unfolds in layers—what seems simple at first reveals vast hidden depth.","• Healers, historians, grief midwives, legacy-bearers.\n• Often guide others through closure, death, or spiritual completion.\n• Hold resonance for ritual, ancestral transmission, or legacy documentation.","• Closure is not disappearance—it is distillation.\n• What is unresolved will keep whispering until you gather it with grace.\n• You are not here to start everything—you are here to finish something.\n• Memory is medicine when made conscious.","• Often introverted or reserved—not from shyness, but from soul gravity.\n• Carry subtle grief or longing for something “just out of time”—often the echo of what they are here to complete.\n• High sensitivity to cycles—seasonal, emotional, astrological. Often feel the wheel turning.\n• Can be burdened by the past—must transmute into offering, not identity.","• What is mine to finish?\n• What legacy lives through me—and what am I choosing to let die with grace?\n• Where is memory leading me forward, and where is it binding me backward?\n• How do I harvest what I’ve lived—and offer it as sacred nourishment?","Closing note","Wave Nine souls are harvesters of time. They gather what has been scattered, sing what was silenced, and complete what was left undone. They are not the beginning—they are the sacred closure, preparing the field for rebirth."
10,"The Genesis Mirrors","Origin beings who carry the frequency of first breath, first light, first knowing; walk the arc from soul ignition to embodied wisdom.","1|11|21","origin,mirror,ignition,identity,remembrance,sovereignty,wisdom","Phase Zero — 1°, 11°, 21°","Primal Spark, Self-Recognition, Spiritual Maturity","The torus — energy emanating from and returning to the center","1 — ignition; 11 — mirror; 21 — mastery","","Wave Ten souls are origin beings—they carry the frequency of first breath, first light, first knowing. Their degrees correspond to the beginning of harmonic triads in each sign and hold a meta-awareness of incarnation’s intent. They are often mirror points in the lives of others, activating identity, clarity, or spiritual recall just by being fully themselves.\nBut this wave also spirals. From the fire of 1°, through the duality of 11°, into the integration of 21°, Wave Ten souls walk the arc from soul ignition to embodied wisdom.","• Often appear as mirrors or initiators—others find themselves through them.\n• May experience early life mirroring that is distorted—causing a journey of identity refinement.\n• Can carry a soul frequency that triggers remembrance in others—evoking truth, desire, or calling.","• Life begins with a sense of mission or spark, but clarity only comes after inner mirroring.\n• The middle of life may feel fragmented by reflection, requiring deep self-recognition to reclaim sovereignty.\n• Later stages often bring integration—the self and the soul become one.","• Initiators, spiritual midwives, presence-activators.\n• Drawn to roles where they can awaken others to themselves: coaches, catalysts, healers.\n• Their service is often through being rather than doing—they radiate frequency.","• Your spark is not arrogance—it is remembrance.\n• You are both origin and mirror—see clearly, then shine cleanly.\n• You are not here to imitate—you are here to ignite.\n• When you stabilize your light, you become a lighthouse.","• Born with strong inner light, though often dimmed by early mirroring dysfunctions.\n• May experience cycles of identity construction and deconstruction—especially around visibility, purpose, or leadership.\n• Sensitive to how they are seen—but true stability comes when they see themselves clearly.\n• Their life path is less about outer acclaim and more about inner alignment with essence.","• What am I here to begin?\n• What mirror have I been holding up to others—and to myself?\n• Where does my light still hide behind someone else’s reflection?\n• What truth burns in me that I have not yet allowed to radiate?","Closing note","Wave Ten souls are the Genesis Mirrors—they live the path of soul remembrance through identity expression. They are not always loud, but they are ignition points in the field. When aligned, they become embodied lighthouses—shining frequency that wakes others from sleep."
